"","precision","recall"
"Class: acantharia_protist_big_center",0.699999999999981,0.388888888888889
"Class: acantharia_protist_halo",0.775862068965503,0.692307692307692
"Class: acantharia_protist",0.914621131270011,0.945916114790287
"Class: amphipods",0.583333333333334,0.451612903225806
"Class: appendicularian_fritillaridae",0.750000000000183,0.157894736842105
"Class: appendicularian_s_shape",0.843582887700533,0.914492753623188
"Class: appendicularian_slight_curve",0.78453038674033,0.794776119402985
"Class: appendicularian_straight",0.787234042553195,0.800865800865801
"Class: artifacts_edge",0.963190184049074,0.987421383647799
"Class: artifacts",0.958904109589039,0.988235294117647
"Class: chaetognath_non_sagitta",0.800000000000001,0.678787878787879
"Class: chaetognath_other",0.752148349163275,0.853258081067214
"Class: chaetognath_sagitta",0.781299524564183,0.699290780141844
"Class: chordate_type1",0.829545454545452,0.973333333333333
"Class: copepod_calanoid_eggs",0.870967741935476,0.888157894736842
"Class: copepod_calanoid_eucalanus",0.877192982456135,0.892857142857143
"Class: copepod_calanoid_flatheads",0.686274509803928,0.573770491803279
"Class: copepod_calanoid_frillyAntennae",0.816326530612243,0.547945205479452
"Class: copepod_calanoid_large_side_antennatucked",0.508196721311483,0.775
"Class: copepod_calanoid_large",0.73255813953488,0.707865168539326
"Class: copepod_calanoid_octomoms",0.933333333333362,0.763636363636364
"Class: copepod_calanoid_small_longantennae",0.83168316831684,0.954545454545455
"Class: copepod_calanoid",0.765729585006694,0.818311874105865
"Class: copepod_cyclopoid_copilia",0.964285714285738,0.692307692307692
"Class: copepod_cyclopoid_oithona_eggs",0.959871589085073,0.973148901545972
"Class: copepod_cyclopoid_oithona",0.922121896162527,0.935853379152348
"Class: copepod_other",NA,0
"Class: crustacean_other",0.578512396694216,0.583333333333333
"Class: ctenophore_cestid",0.859375000000003,0.982142857142857
"Class: ctenophore_cydippid_no_tentacles",0.604651162790681,0.52
"Class: ctenophore_cydippid_tentacles",0.743589743589767,0.491525423728814
"Class: ctenophore_lobate",0.925925925925959,0.694444444444444
"Class: decapods",0.594594594594598,0.305555555555556
"Class: detritus_blob",0.563758389261742,0.431876606683805
"Class: detritus_filamentous",0.651612903225804,0.531578947368421
"Class: detritus_other",0.666666666666668,0.764361078546307
"Class: diatom_chain_string",0.863636363636362,0.93956043956044
"Class: diatom_chain_tube",0.7834179357022,0.812280701754386
"Class: echinoderm_larva_pluteus_brittlestar",0.806451612903184,0.675675675675676
"Class: echinoderm_larva_pluteus_early",0.845238095238109,0.825581395348837
"Class: echinoderm_larva_pluteus_typeC",0.893333333333335,0.87012987012987
"Class: echinoderm_larva_pluteus_urchin",0.826086956521742,0.835164835164835
"Class: echinoderm_larva_seastar_bipinnaria",0.849642004773272,0.90126582278481
"Class: echinoderm_larva_seastar_brachiolaria",0.931856899488928,0.936643835616438
"Class: echinoderm_seacucumber_auricularia_larva",0.786407766990286,0.692307692307692
"Class: echinopluteus",0.870967741935487,0.818181818181818
"Class: ephyra",0.874999999999944,0.875
"Class: euphausiids_young",0.448275862068966,0.382352941176471
"Class: euphausiids",0.721428571428579,0.765151515151515
"Class: fecal_pellet",0.624045801526717,0.631274131274131
"Class: fish_larvae_deep_body",NA,0
"Class: fish_larvae_leptocephali",0.800000000000021,0.842105263157895
"Class: fish_larvae_medium_body",0.640776699029118,0.741573033707865
"Class: fish_larvae_myctophids",0.794392523364482,0.885416666666667
"Class: fish_larvae_thin_body",0.716981132075466,0.391752577319588
"Class: fish_larvae_very_thin_body",0,0
"Class: heteropod",NA,0
"Class: hydromedusae_aglaura",0.932692307692298,0.889908256880734
"Class: hydromedusae_bell_and_tentacles",0.679012345679018,0.597826086956522
"Class: hydromedusae_h15",0.588235294117631,0.689655172413793
"Class: hydromedusae_haliscera_small_sideview",0.857142857143002,0.461538461538462
"Class: hydromedusae_haliscera",0.885321100917431,0.955445544554455
"Class: hydromedusae_liriope",0.499999999999987,0.291666666666667
"Class: hydromedusae_narco_dark",0.782608695652223,0.642857142857143
"Class: hydromedusae_narco_young",0.763636363636366,0.860068259385666
"Class: hydromedusae_narcomedusae",0.747747747747744,0.669354838709677
"Class: hydromedusae_other",NA,0
"Class: hydromedusae_partial_dark",0.80571428571429,0.810344827586207
"Class: hydromedusae_shapeA_sideview_small",0.655430711610488,0.675675675675676
"Class: hydromedusae_shapeA",0.934426229508195,0.927906976744186
"Class: hydromedusae_shapeB",0.718181818181808,0.6171875
"Class: hydromedusae_sideview_big",0.721311475409841,0.586666666666667
"Class: hydromedusae_solmaris",0.920679886685553,0.943396226415094
"Class: hydromedusae_solmundella",0.972972972972964,0.972972972972973
"Class: hydromedusae_typeD_bell_and_tentacles",0.696428571428557,0.78
"Class: hydromedusae_typeD",0.931818181818203,0.650793650793651
"Class: hydromedusae_typeE",0.799999999999914,0.666666666666667
"Class: hydromedusae_typeF",0.765957446808505,0.620689655172414
"Class: invertebrate_larvae_other_A",0.79999999999998,0.363636363636364
"Class: invertebrate_larvae_other_B",0.761904761904797,0.64
"Class: jellies_tentacles",0.844720496894406,0.80952380952381
"Class: polychaete",0.897435897435885,0.929203539823009
"Class: protist_dark_center",0.788461538461542,0.630769230769231
"Class: protist_fuzzy_olive",0.807692307692309,0.923076923076923
"Class: protist_noctiluca",0.780645161290323,0.764612954186414
"Class: protist_other",0.708892617449665,0.719148936170213
"Class: protist_star",0.766355140186921,0.803921568627451
"Class: pteropod_butterfly",0.707964601769911,0.808080808080808
"Class: pteropod_theco_dev_seq",0.428571428571504,0.25
"Class: pteropod_triangle",0.866666666666646,0.672413793103448
"Class: radiolarian_chain",0.898601398601402,0.883161512027491
"Class: radiolarian_colony",0.846625766871172,0.8625
"Class: shrimp_caridean",0.75000000000004,0.567567567567568
"Class: shrimp_sergestidae",0.873563218390797,0.932515337423313
"Class: shrimp_zoea",0.541284403669724,0.802721088435374
"Class: shrimp.like_other",0.18750000000001,0.0638297872340425
"Class: siphonophore_calycophoran_abylidae",0.776315789473689,0.876237623762376
"Class: siphonophore_calycophoran_rocketship_adult",0.77519379844961,0.78125
"Class: siphonophore_calycophoran_rocketship_young",0.787346221441125,0.899598393574297
"Class: siphonophore_calycophoran_sphaeronectes_stem",0.717948717948707,0.595744680851064
"Class: siphonophore_calycophoran_sphaeronectes_young",0.764478764478769,0.779527559055118
"Class: siphonophore_calycophoran_sphaeronectes",0.809045226130659,0.851851851851852
"Class: siphonophore_other_parts",NA,0
"Class: siphonophore_partial",0.941176470588262,0.444444444444444
"Class: siphonophore_physonect_young",0.692307692307666,0.409090909090909
"Class: siphonophore_physonect",0.785714285714281,0.873015873015873
"Class: stomatopod",0.709677419354861,0.611111111111111
"Class: tornaria_acorn_worm_larvae",0.944444444444419,0.971428571428571
"Class: trichodesmium_bowtie",0.839941262848751,0.852459016393443
"Class: trichodesmium_multiple",0.73684210526317,0.84
"Class: trichodesmium_puff",0.943064182194616,0.957939011566772
"Class: trichodesmium_tuft",0.767346938775509,0.822157434402332
"Class: trochophore_larvae",0.545454545454505,0.6
"Class: tunicate_doliolid_nurse",0.845771144278607,0.890052356020942
"Class: tunicate_doliolid",0.778234086242297,0.832967032967033
"Class: tunicate_partial",0.874673629242823,0.946327683615819
"Class: tunicate_salp_chains",0.821428571428563,0.884615384615385
"Class: tunicate_salp",0.851851851851846,0.869747899159664
"Class: unknown_blobs_and_smudges",0.484162895927605,0.332298136645963
"Class: unknown_sticks",0.494252873563227,0.259036144578313
"Class: unknown_unclassified",0.373076923076923,0.219954648526077
