"","precision","recall"
"Class: acantharia_protist_big_center",0.642857142857174,0.5
"Class: acantharia_protist_halo",0.737704918032805,0.692307692307692
"Class: acantharia_protist",0.941241685144125,0.937086092715232
"Class: amphipods",0.645833333333352,0.5
"Class: appendicularian_fritillaridae",1,0.157894736842105
"Class: appendicularian_s_shape",0.839947089947092,0.920289855072464
"Class: appendicularian_slight_curve",0.796610169491524,0.789179104477612
"Class: appendicularian_straight",0.818181818181813,0.818181818181818
"Class: artifacts_edge",0.987341772151904,0.981132075471698
"Class: artifacts",0.969976905311776,0.988235294117647
"Class: chaetognath_non_sagitta",0.817819148936171,0.745454545454545
"Class: chaetognath_other",0.783870967741936,0.872755259107235
"Class: chaetognath_sagitta",0.820033955857384,0.685106382978723
"Class: chordate_type1",0.896103896103887,0.92
"Class: copepod_calanoid_eggs",0.857142857142858,0.907894736842105
"Class: copepod_calanoid_eucalanus",0.902654867256631,0.910714285714286
"Class: copepod_calanoid_flatheads",0.690476190476193,0.633879781420765
"Class: copepod_calanoid_frillyAntennae",0.790322580645155,0.671232876712329
"Class: copepod_calanoid_large_side_antennatucked",0.513761467889911,0.7
"Class: copepod_calanoid_large",0.711743772241996,0.749063670411985
"Class: copepod_calanoid_octomoms",0.940000000000026,0.854545454545454
"Class: copepod_calanoid_small_longantennae",0.843137254901963,0.977272727272727
"Class: copepod_calanoid",0.8005540166205,0.82689556509299
"Class: copepod_cyclopoid_copilia",0.965517241379333,0.717948717948718
"Class: copepod_cyclopoid_oithona_eggs",0.961414790996785,0.973148901545972
"Class: copepod_cyclopoid_oithona",0.936342592592591,0.926689576174112
"Class: copepod_other",0,0
"Class: crustacean_other",0.580392156862743,0.616666666666667
"Class: ctenophore_cestid",0.893442622950831,0.973214285714286
"Class: ctenophore_cydippid_no_tentacles",0.586956521739131,0.54
"Class: ctenophore_cydippid_tentacles",0.720930232558119,0.525423728813559
"Class: ctenophore_lobate",0.928571428571461,0.722222222222222
"Class: decapods",0.531914893617037,0.347222222222222
"Class: detritus_blob",0.608391608391606,0.447300771208226
"Class: detritus_filamentous",0.661073825503355,0.518421052631579
"Class: detritus_other",0.678102926337033,0.787807737397421
"Class: diatom_chain_string",0.905525846702318,0.93040293040293
"Class: diatom_chain_tube",0.802768166089965,0.814035087719298
"Class: echinoderm_larva_pluteus_brittlestar",0.771428571428598,0.72972972972973
"Class: echinoderm_larva_pluteus_early",0.811111111111124,0.848837209302326
"Class: echinoderm_larva_pluteus_typeC",0.888888888888891,0.831168831168831
"Class: echinoderm_larva_pluteus_urchin",0.818181818181821,0.791208791208791
"Class: echinoderm_larva_seastar_bipinnaria",0.863080684596576,0.893670886075949
"Class: echinoderm_larva_seastar_brachiolaria",0.935593220338985,0.945205479452055
"Class: echinoderm_seacucumber_auricularia_larva",0.78431372549019,0.683760683760684
"Class: echinopluteus",0.838709677419313,0.787878787878788
"Class: ephyra",1,0.875
"Class: euphausiids_young",0.468750000000001,0.441176470588235
"Class: euphausiids",0.776923076923085,0.765151515151515
"Class: fecal_pellet",0.654832347140039,0.640926640926641
"Class: fish_larvae_deep_body",NA,0
"Class: fish_larvae_leptocephali",0.833333333333313,0.789473684210526
"Class: fish_larvae_medium_body",0.638095238095237,0.752808988764045
"Class: fish_larvae_myctophids",0.849462365591386,0.822916666666667
"Class: fish_larvae_thin_body",0.5974025974026,0.474226804123711
"Class: fish_larvae_very_thin_body",0.749999999999775,0.111111111111111
"Class: heteropod",0.500000000000253,0.0909090909090909
"Class: hydromedusae_aglaura",0.88392857142856,0.908256880733945
"Class: hydromedusae_bell_and_tentacles",0.694117647058829,0.641304347826087
"Class: hydromedusae_h15",0.633333333333334,0.655172413793103
"Class: hydromedusae_haliscera_small_sideview",0.79999999999992,0.615384615384615
"Class: hydromedusae_haliscera",0.913461538461533,0.940594059405941
"Class: hydromedusae_liriope",0.846153846153839,0.458333333333333
"Class: hydromedusae_narco_dark",0.74999999999997,0.642857142857143
"Class: hydromedusae_narco_young",0.79320987654321,0.877133105802048
"Class: hydromedusae_narcomedusae",0.765217391304342,0.709677419354839
"Class: hydromedusae_other",NA,0
"Class: hydromedusae_partial_dark",0.811428571428576,0.816091954022989
"Class: hydromedusae_shapeA_sideview_small",0.681818181818184,0.752895752895753
"Class: hydromedusae_shapeA",0.936470588235295,0.925581395348837
"Class: hydromedusae_shapeB",0.669354838709677,0.6484375
"Class: hydromedusae_sideview_big",0.726027397260271,0.706666666666667
"Class: hydromedusae_solmaris",0.940579710144929,0.941944847605225
"Class: hydromedusae_solmundella",0.972477064220175,0.954954954954955
"Class: hydromedusae_typeD_bell_and_tentacles",0.701754385964898,0.8
"Class: hydromedusae_typeD",0.86666666666664,0.619047619047619
"Class: hydromedusae_typeE",0.7499999999999,0.75
"Class: hydromedusae_typeF",0.843137254901937,0.741379310344828
"Class: invertebrate_larvae_other_A",0.749999999999977,0.272727272727273
"Class: invertebrate_larvae_other_B",0.760000000000035,0.76
"Class: jellies_tentacles",0.86585365853658,0.845238095238095
"Class: polychaete",0.962264150943381,0.902654867256637
"Class: protist_dark_center",0.734513274336279,0.638461538461538
"Class: protist_fuzzy_olive",0.829629629629628,0.923076923076923
"Class: protist_noctiluca",0.777950310559004,0.791469194312796
"Class: protist_other",0.72822299651568,0.711489361702128
"Class: protist_star",0.800000000000005,0.823529411764706
"Class: pteropod_butterfly",0.790000000000007,0.797979797979798
"Class: pteropod_theco_dev_seq",1,0.583333333333333
"Class: pteropod_triangle",0.877551020408144,0.741379310344828
"Class: radiolarian_chain",0.897526501766788,0.872852233676976
"Class: radiolarian_colony",0.836477987421378,0.83125
"Class: shrimp_caridean",0.742857142857163,0.702702702702703
"Class: shrimp_sergestidae",0.930817610062898,0.907975460122699
"Class: shrimp_zoea",0.569306930693074,0.782312925170068
"Class: shrimp.like_other",0.178571428571437,0.106382978723404
"Class: siphonophore_calycophoran_abylidae",0.784140969163,0.881188118811881
"Class: siphonophore_calycophoran_rocketship_adult",0.862903225806447,0.8359375
"Class: siphonophore_calycophoran_rocketship_young",0.824817518248174,0.907630522088353
"Class: siphonophore_calycophoran_sphaeronectes_stem",0.799999999999999,0.595744680851064
"Class: siphonophore_calycophoran_sphaeronectes_young",0.78210116731518,0.791338582677165
"Class: siphonophore_calycophoran_sphaeronectes",0.827411167512686,0.862433862433862
"Class: siphonophore_other_parts",0.750000000000128,0.0769230769230769
"Class: siphonophore_partial",0.818181818181765,0.5
"Class: siphonophore_physonect_young",0.714285714285689,0.454545454545455
"Class: siphonophore_physonect",0.794326241134743,0.888888888888889
"Class: stomatopod",0.710526315789447,0.75
"Class: tornaria_acorn_worm_larvae",0.945945945945922,1
"Class: trichodesmium_bowtie",0.852769679300293,0.871833084947839
"Class: trichodesmium_multiple",0.73684210526317,0.84
"Class: trichodesmium_puff",0.95230607966457,0.955310199789695
"Class: trichodesmium_tuft",0.786290322580644,0.852769679300292
"Class: trochophore_larvae",0.583333333333293,0.7
"Class: tunicate_doliolid_nurse",0.885416666666665,0.890052356020942
"Class: tunicate_doliolid",0.813304721030042,0.832967032967033
"Class: tunicate_partial",0.89627659574468,0.951977401129944
"Class: tunicate_salp_chains",0.876712328767117,0.82051282051282
"Class: tunicate_salp",0.876595744680851,0.865546218487395
"Class: unknown_blobs_and_smudges",0.495798319327728,0.366459627329193
"Class: unknown_sticks",0.51666666666666,0.373493975903614
"Class: unknown_unclassified",0.318777292576419,0.331065759637188
