"","precision","recall"
"Class: acantharia_protist_big_center",0.799999999999806,0.222222222222222
"Class: acantharia_protist_halo",0.709677419354824,0.676923076923077
"Class: acantharia_protist",0.918918918918919,0.938189845474614
"Class: amphipods",0.604166666666659,0.467741935483871
"Class: appendicularian_fritillaridae",0.875000000000107,0.368421052631579
"Class: appendicularian_s_shape",0.839473684210526,0.92463768115942
"Class: appendicularian_slight_curve",0.786516853932586,0.783582089552239
"Class: appendicularian_straight",0.792372881355932,0.80952380952381
"Class: artifacts_edge",0.981132075471695,0.981132075471698
"Class: artifacts",0.948198198198197,0.990588235294118
"Class: chaetognath_non_sagitta",0.776932826362486,0.743030303030303
"Class: chaetognath_other",0.771319676036208,0.830682401231401
"Class: chaetognath_sagitta",0.751145038167938,0.697872340425532
"Class: chordate_type1",0.799999999999991,0.96
"Class: copepod_calanoid_eggs",0.854545454545463,0.927631578947368
"Class: copepod_calanoid_eucalanus",0.878260869565212,0.901785714285714
"Class: copepod_calanoid_flatheads",0.680981595092027,0.60655737704918
"Class: copepod_calanoid_frillyAntennae",0.826086956521724,0.520547945205479
"Class: copepod_calanoid_large_side_antennatucked",0.509090909090908,0.7
"Class: copepod_calanoid_large",0.675409836065577,0.771535580524345
"Class: copepod_calanoid_octomoms",0.955555555555551,0.781818181818182
"Class: copepod_calanoid_small_longantennae",0.836734693877554,0.931818181818182
"Class: copepod_calanoid",0.776243093922652,0.804005722460658
"Class: copepod_cyclopoid_copilia",0.931034482758664,0.692307692307692
"Class: copepod_cyclopoid_oithona_eggs",0.945882352941177,0.981285598047193
"Class: copepod_cyclopoid_oithona",0.934807916181606,0.919816723940435
"Class: copepod_other",0,0
"Class: crustacean_other",0.558935361216731,0.6125
"Class: ctenophore_cestid",0.835937500000004,0.955357142857143
"Class: ctenophore_cydippid_no_tentacles",0.500000000000015,0.48
"Class: ctenophore_cydippid_tentacles",0.72499999999997,0.491525423728814
"Class: ctenophore_lobate",0.857142857142813,0.666666666666667
"Class: decapods",0.622641509433952,0.458333333333333
"Class: detritus_blob",0.588652482269506,0.426735218508997
"Class: detritus_filamentous",0.657627118644067,0.510526315789474
"Class: detritus_other",0.686825053995681,0.745603751465416
"Class: diatom_chain_string",0.877586206896553,0.932234432234432
"Class: diatom_chain_tube",0.768595041322312,0.815789473684211
"Class: echinoderm_larva_pluteus_brittlestar",0.702702702702711,0.702702702702703
"Class: echinoderm_larva_pluteus_early",0.858823529411769,0.848837209302326
"Class: echinoderm_larva_pluteus_typeC",0.87671232876712,0.831168831168831
"Class: echinoderm_larva_pluteus_urchin",0.808510638297865,0.835164835164835
"Class: echinoderm_larva_seastar_bipinnaria",0.843230403800473,0.89873417721519
"Class: echinoderm_larva_seastar_brachiolaria",0.920792079207923,0.955479452054795
"Class: echinoderm_seacucumber_auricularia_larva",0.780952380952376,0.700854700854701
"Class: echinopluteus",0.892857142857092,0.757575757575758
"Class: ephyra",0.77777777777769,0.875
"Class: euphausiids_young",0.411764705882354,0.411764705882353
"Class: euphausiids",0.695035460992905,0.742424242424242
"Class: fecal_pellet",0.636363636363636,0.621621621621622
"Class: fish_larvae_deep_body",0,0
"Class: fish_larvae_leptocephali",0.761904761904817,0.842105263157895
"Class: fish_larvae_medium_body",0.591304347826087,0.764044943820225
"Class: fish_larvae_myctophids",0.838709677419355,0.8125
"Class: fish_larvae_thin_body",0.597014925373128,0.412371134020619
"Class: fish_larvae_very_thin_body",1,0.037037037037037
"Class: heteropod",NA,0
"Class: hydromedusae_aglaura",0.900900900900899,0.917431192660551
"Class: hydromedusae_bell_and_tentacles",0.697368421052643,0.576086956521739
"Class: hydromedusae_h15",0.588235294117631,0.689655172413793
"Class: hydromedusae_haliscera_small_sideview",0.87500000000013,0.538461538461538
"Class: hydromedusae_haliscera",0.887850467289726,0.940594059405941
"Class: hydromedusae_liriope",0.615384615384603,0.333333333333333
"Class: hydromedusae_narco_dark",0.733333333333356,0.785714285714286
"Class: hydromedusae_narco_young",0.76160990712074,0.839590443686007
"Class: hydromedusae_narcomedusae",0.75675675675675,0.67741935483871
"Class: hydromedusae_other",0,0
"Class: hydromedusae_partial_dark",0.79661016949153,0.810344827586207
"Class: hydromedusae_shapeA_sideview_small",0.659420289855071,0.702702702702703
"Class: hydromedusae_shapeA",0.923963133640555,0.932558139534884
"Class: hydromedusae_shapeB",0.700854700854699,0.640625
"Class: hydromedusae_sideview_big",0.647058823529421,0.586666666666667
"Class: hydromedusae_solmaris",0.916666666666667,0.941944847605225
"Class: hydromedusae_solmundella",0.972477064220175,0.954954954954955
"Class: hydromedusae_typeD_bell_and_tentacles",0.704918032786898,0.86
"Class: hydromedusae_typeD",0.904761904761933,0.603174603174603
"Class: hydromedusae_typeE",0.7499999999999,0.5
"Class: hydromedusae_typeF",0.709090909090915,0.672413793103448
"Class: invertebrate_larvae_other_A",0.714285714285689,0.227272727272727
"Class: invertebrate_larvae_other_B",0.818181818181847,0.72
"Class: jellies_tentacles",0.887323943661964,0.75
"Class: polychaete",0.910714285714293,0.902654867256637
"Class: protist_dark_center",0.788461538461542,0.630769230769231
"Class: protist_fuzzy_olive",0.812652068126518,0.917582417582418
"Class: protist_noctiluca",0.773643410852715,0.788309636650869
"Class: protist_other",0.73142345568487,0.69531914893617
"Class: protist_star",0.725806451612909,0.882352941176471
"Class: pteropod_butterfly",0.736363636363646,0.818181818181818
"Class: pteropod_theco_dev_seq",0.857142857142792,0.5
"Class: pteropod_triangle",0.784313725490191,0.689655172413793
"Class: radiolarian_chain",0.874564459930315,0.862542955326461
"Class: radiolarian_colony",0.861635220125793,0.85625
"Class: shrimp_caridean",0.70967741935486,0.594594594594595
"Class: shrimp_sergestidae",0.91017964071856,0.932515337423313
"Class: shrimp_zoea",0.525581395348841,0.768707482993197
"Class: shrimp.like_other",0.133333333333341,0.0425531914893617
"Class: siphonophore_calycophoran_abylidae",0.736842105263159,0.900990099009901
"Class: siphonophore_calycophoran_rocketship_adult",0.814516129032254,0.7890625
"Class: siphonophore_calycophoran_rocketship_young",0.768189509306261,0.911646586345382
"Class: siphonophore_calycophoran_sphaeronectes_stem",0.777777777777804,0.446808510638298
"Class: siphonophore_calycophoran_sphaeronectes_young",0.753787878787877,0.783464566929134
"Class: siphonophore_calycophoran_sphaeronectes",0.773399014778325,0.830687830687831
"Class: siphonophore_other_parts",NA,0
"Class: siphonophore_partial",0.789473684210467,0.416666666666667
"Class: siphonophore_physonect_young",0.833333333333316,0.454545454545455
"Class: siphonophore_physonect",0.739999999999997,0.880952380952381
"Class: stomatopod",0.655172413793137,0.527777777777778
"Class: tornaria_acorn_worm_larvae",0.918918918918883,0.971428571428571
"Class: trichodesmium_bowtie",0.844077961019491,0.839046199701937
"Class: trichodesmium_multiple",0.740740740740722,0.8
"Class: trichodesmium_puff",0.938911704312115,0.961619348054679
"Class: trichodesmium_tuft",0.790277777777778,0.829446064139942
"Class: trochophore_larvae",0.520000000000015,0.65
"Class: tunicate_doliolid_nurse",0.877005347593581,0.858638743455497
"Class: tunicate_doliolid",0.781893004115225,0.835164835164835
"Class: tunicate_partial",0.872727272727276,0.949152542372881
"Class: tunicate_salp_chains",0.786516853932594,0.897435897435897
"Class: tunicate_salp",0.836000000000005,0.878151260504202
"Class: unknown_blobs_and_smudges",0.508620689655175,0.366459627329193
"Class: unknown_sticks",0.510638297872336,0.289156626506024
"Class: unknown_unclassified",0.397435897435898,0.210884353741497
