"","precision","recall"
"Class: acantharia_protist_big_center",0.77777777777786,0.388888888888889
"Class: acantharia_protist_halo",0.647887323943655,0.707692307692308
"Class: acantharia_protist",0.919093851132686,0.940397350993378
"Class: amphipods",0.612244897959176,0.483870967741935
"Class: appendicularian_fritillaridae",1,0.0526315789473684
"Class: appendicularian_s_shape",0.82005141388175,0.92463768115942
"Class: appendicularian_slight_curve",0.794339622641507,0.78544776119403
"Class: appendicularian_straight",0.790794979079502,0.818181818181818
"Class: artifacts_edge",0.962732919254652,0.974842767295597
"Class: artifacts",0.956521739130435,0.983529411764706
"Class: chaetognath_non_sagitta",0.7643391521197,0.743030303030303
"Class: chaetognath_other",0.771186440677966,0.840430990251411
"Class: chaetognath_sagitta",0.804713804713805,0.678014184397163
"Class: chordate_type1",0.870588235294102,0.986666666666667
"Class: copepod_calanoid_eggs",0.843373493975911,0.921052631578947
"Class: copepod_calanoid_eucalanus",0.821138211382103,0.901785714285714
"Class: copepod_calanoid_flatheads",0.641509433962267,0.557377049180328
"Class: copepod_calanoid_frillyAntennae",0.758064516129044,0.643835616438356
"Class: copepod_calanoid_large_side_antennatucked",0.504587155963302,0.6875
"Class: copepod_calanoid_large",0.717391304347823,0.741573033707865
"Class: copepod_calanoid_octomoms",0.938775510204108,0.836363636363636
"Class: copepod_calanoid_small_longantennae",0.807692307692304,0.954545454545455
"Class: copepod_calanoid",0.767441860465118,0.802575107296137
"Class: copepod_cyclopoid_copilia",0.933333333333376,0.717948717948718
"Class: copepod_cyclopoid_oithona_eggs",0.950754567116759,0.973962571196094
"Class: copepod_cyclopoid_oithona",0.933102652825836,0.926689576174112
"Class: copepod_other",0,0
"Class: crustacean_other",0.54296875,0.579166666666667
"Class: ctenophore_cestid",0.876033057851243,0.946428571428571
"Class: ctenophore_cydippid_no_tentacles",0.538461538461554,0.56
"Class: ctenophore_cydippid_tentacles",0.657142857142834,0.389830508474576
"Class: ctenophore_lobate",0.764705882352952,0.722222222222222
"Class: decapods",0.616666666666658,0.513888888888889
"Class: detritus_blob",0.592334494773522,0.437017994858612
"Class: detritus_filamentous",0.603124999999998,0.507894736842105
"Class: detritus_other",0.669028340080972,0.774912075029308
"Class: diatom_chain_string",0.892173913043479,0.93956043956044
"Class: diatom_chain_tube",0.80106571936057,0.791228070175439
"Class: echinoderm_larva_pluteus_brittlestar",0.705882352941191,0.648648648648649
"Class: echinoderm_larva_pluteus_early",0.780219780219787,0.825581395348837
"Class: echinoderm_larva_pluteus_typeC",0.871428571428568,0.792207792207792
"Class: echinoderm_larva_pluteus_urchin",0.776595744680842,0.802197802197802
"Class: echinoderm_larva_seastar_bipinnaria",0.848341232227489,0.906329113924051
"Class: echinoderm_larva_seastar_brachiolaria",0.932203389830509,0.941780821917808
"Class: echinoderm_seacucumber_auricularia_larva",0.747663551401868,0.683760683760684
"Class: echinopluteus",0.83333333333329,0.757575757575758
"Class: ephyra",0.77777777777769,0.875
"Class: euphausiids_young",0.500000000000001,0.470588235294118
"Class: euphausiids",0.763358778625947,0.757575757575758
"Class: fecal_pellet",0.657084188911704,0.617760617760618
"Class: fish_larvae_deep_body",NA,0
"Class: fish_larvae_leptocephali",0.736842105263217,0.736842105263158
"Class: fish_larvae_medium_body",0.596774193548388,0.831460674157303
"Class: fish_larvae_myctophids",0.757281553398059,0.8125
"Class: fish_larvae_thin_body",0.634920634920651,0.412371134020619
"Class: fish_larvae_very_thin_body",0.199999999999943,0.037037037037037
"Class: heteropod",0.200000000000027,0.0909090909090909
"Class: hydromedusae_aglaura",0.867256637168146,0.899082568807339
"Class: hydromedusae_bell_and_tentacles",0.616438356164377,0.489130434782609
"Class: hydromedusae_h15",0.564102564102586,0.758620689655172
"Class: hydromedusae_haliscera_small_sideview",1,0.461538461538462
"Class: hydromedusae_haliscera",0.878504672897202,0.930693069306931
"Class: hydromedusae_liriope",0.461538461538449,0.25
"Class: hydromedusae_narco_dark",0.74999999999997,0.642857142857143
"Class: hydromedusae_narco_young",0.72093023255814,0.84641638225256
"Class: hydromedusae_narcomedusae",0.752212389380527,0.685483870967742
"Class: hydromedusae_other",0,0
"Class: hydromedusae_partial_dark",0.757225433526017,0.752873563218391
"Class: hydromedusae_shapeA_sideview_small",0.64259927797834,0.687258687258687
"Class: hydromedusae_shapeA",0.929742388758784,0.923255813953488
"Class: hydromedusae_shapeB",0.65625,0.65625
"Class: hydromedusae_sideview_big",0.70833333333335,0.68
"Class: hydromedusae_solmaris",0.938144329896907,0.924528301886792
"Class: hydromedusae_solmundella",0.937500000000009,0.945945945945946
"Class: hydromedusae_typeD_bell_and_tentacles",0.560606060606057,0.74
"Class: hydromedusae_typeD",0.857142857142839,0.666666666666667
"Class: hydromedusae_typeE",0.727272727272621,0.666666666666667
"Class: hydromedusae_typeF",0.783333333333324,0.810344827586207
"Class: invertebrate_larvae_other_A",0.714285714285689,0.454545454545455
"Class: invertebrate_larvae_other_B",0.800000000000031,0.8
"Class: jellies_tentacles",0.834319526627216,0.839285714285714
"Class: polychaete",0.902654867256648,0.902654867256637
"Class: protist_dark_center",0.747368421052633,0.546153846153846
"Class: protist_fuzzy_olive",0.793503480278423,0.93956043956044
"Class: protist_noctiluca",0.755043227665708,0.82780410742496
"Class: protist_other",0.749518304431599,0.662127659574468
"Class: protist_star",0.747899159663871,0.872549019607843
"Class: pteropod_butterfly",0.740740740740741,0.808080808080808
"Class: pteropod_theco_dev_seq",0.624999999999875,0.416666666666667
"Class: pteropod_triangle",0.796296296296292,0.741379310344828
"Class: radiolarian_chain",0.869257950530037,0.845360824742268
"Class: radiolarian_colony",0.892617449664437,0.83125
"Class: shrimp_caridean",0.621621621621615,0.621621621621622
"Class: shrimp_sergestidae",0.898203592814364,0.920245398773006
"Class: shrimp_zoea",0.558823529411764,0.775510204081633
"Class: shrimp.like_other",0.210526315789462,0.0851063829787234
"Class: siphonophore_calycophoran_abylidae",0.766233766233764,0.876237623762376
"Class: siphonophore_calycophoran_rocketship_adult",0.84920634920636,0.8359375
"Class: siphonophore_calycophoran_rocketship_young",0.785964912280704,0.899598393574297
"Class: siphonophore_calycophoran_sphaeronectes_stem",0.769230769230796,0.425531914893617
"Class: siphonophore_calycophoran_sphaeronectes_young",0.74812030075188,0.783464566929134
"Class: siphonophore_calycophoran_sphaeronectes",0.757009345794395,0.857142857142857
"Class: siphonophore_other_parts",0.49999999999989,0.0769230769230769
"Class: siphonophore_partial",0.799999999999943,0.444444444444444
"Class: siphonophore_physonect_young",0.727272727272703,0.363636363636364
"Class: siphonophore_physonect",0.703225806451619,0.865079365079365
"Class: stomatopod",0.657894736842097,0.694444444444444
"Class: tornaria_acorn_worm_larvae",0.897435897435931,1
"Class: trichodesmium_bowtie",0.829608938547486,0.885245901639344
"Class: trichodesmium_multiple",0.749999999999982,0.84
"Class: trichodesmium_puff",0.947368421052632,0.95583596214511
"Class: trichodesmium_tuft",0.797202797202798,0.830903790087464
"Class: trochophore_larvae",0.458333333333305,0.55
"Class: tunicate_doliolid_nurse",0.861979166666669,0.866492146596859
"Class: tunicate_doliolid",0.777319587628864,0.828571428571429
"Class: tunicate_partial",0.868421052631581,0.932203389830508
"Class: tunicate_salp_chains",0.797468354430393,0.807692307692308
"Class: tunicate_salp",0.839999999999997,0.882352941176471
"Class: unknown_blobs_and_smudges",0.534759358288773,0.31055900621118
"Class: unknown_sticks",0.522935779816508,0.343373493975904
"Class: unknown_unclassified",0.325791855203619,0.163265306122449
