"","precision","recall"
"Class: acantharia_protist_big_center",0.615384615384648,0.444444444444444
"Class: acantharia_protist_halo",0.612500000000008,0.753846153846154
"Class: acantharia_protist",0.937290033594626,0.923841059602649
"Class: amphipods",0.624999999999983,0.483870967741935
"Class: appendicularian_fritillaridae",1,0.315789473684211
"Class: appendicularian_s_shape",0.836814621409923,0.928985507246377
"Class: appendicularian_slight_curve",0.797373358348967,0.792910447761194
"Class: appendicularian_straight",0.792531120331954,0.826839826839827
"Class: artifacts_edge",0.957055214723933,0.981132075471698
"Class: artifacts",0.949074074074071,0.964705882352941
"Class: chaetognath_non_sagitta",0.734207389749703,0.746666666666667
"Class: chaetognath_other",0.783689706613625,0.80861980502822
"Class: chaetognath_sagitta",0.738686131386862,0.717730496453901
"Class: chordate_type1",0.850574712643669,0.986666666666667
"Class: copepod_calanoid_eggs",0.860606060606061,0.934210526315789
"Class: copepod_calanoid_eucalanus",0.817460317460314,0.919642857142857
"Class: copepod_calanoid_flatheads",0.647398843930636,0.612021857923497
"Class: copepod_calanoid_frillyAntennae",0.731343283582087,0.671232876712329
"Class: copepod_calanoid_large_side_antennatucked",0.457364341085272,0.7375
"Class: copepod_calanoid_large",0.689320388349512,0.797752808988764
"Class: copepod_calanoid_octomoms",0.959183673469384,0.854545454545454
"Class: copepod_calanoid_small_longantennae",0.81372549019607,0.943181818181818
"Class: copepod_calanoid",0.810650887573964,0.783977110157368
"Class: copepod_cyclopoid_copilia",0.84848484848485,0.717948717948718
"Class: copepod_cyclopoid_oithona_eggs",0.955342902711324,0.974776240846216
"Class: copepod_cyclopoid_oithona",0.932027649769586,0.926689576174112
"Class: copepod_other",0,0
"Class: crustacean_other",0.571428571428574,0.55
"Class: ctenophore_cestid",0.878048780487808,0.964285714285714
"Class: ctenophore_cydippid_no_tentacles",0.482758620689643,0.56
"Class: ctenophore_cydippid_tentacles",0.60416666666665,0.491525423728814
"Class: ctenophore_lobate",0.928571428571461,0.722222222222222
"Class: decapods",0.62222222222221,0.388888888888889
"Class: detritus_blob",0.552380952380952,0.447300771208226
"Class: detritus_filamentous",0.594855305466238,0.486842105263158
"Class: detritus_other",0.670563230605738,0.739742086752638
"Class: diatom_chain_string",0.862646566164154,0.943223443223443
"Class: diatom_chain_tube",0.803921568627449,0.791228070175439
"Class: echinoderm_larva_pluteus_brittlestar",0.742857142857163,0.702702702702703
"Class: echinoderm_larva_pluteus_early",0.816091954022994,0.825581395348837
"Class: echinoderm_larva_pluteus_typeC",0.858974358974347,0.87012987012987
"Class: echinoderm_larva_pluteus_urchin",0.818181818181821,0.791208791208791
"Class: echinoderm_larva_seastar_bipinnaria",0.876923076923074,0.865822784810127
"Class: echinoderm_larva_seastar_brachiolaria",0.901771336553946,0.958904109589041
"Class: echinoderm_seacucumber_auricularia_larva",0.765306122448975,0.641025641025641
"Class: echinopluteus",0.843749999999959,0.818181818181818
"Class: ephyra",0.77777777777769,0.875
"Class: euphausiids_young",0.545454545454546,0.529411764705882
"Class: euphausiids",0.737226277372256,0.765151515151515
"Class: fecal_pellet",0.673773987206822,0.61003861003861
"Class: fish_larvae_deep_body",0,0
"Class: fish_larvae_leptocephali",0.750000000000057,0.789473684210526
"Class: fish_larvae_medium_body",0.551470588235291,0.842696629213483
"Class: fish_larvae_myctophids",0.777777777777773,0.802083333333333
"Class: fish_larvae_thin_body",0.653846153846148,0.350515463917526
"Class: fish_larvae_very_thin_body",0.749999999999775,0.111111111111111
"Class: heteropod",0.500000000000253,0.0909090909090909
"Class: hydromedusae_aglaura",0.795275590551183,0.926605504587156
"Class: hydromedusae_bell_and_tentacles",0.693333333333345,0.565217391304348
"Class: hydromedusae_h15",0.564102564102586,0.758620689655172
"Class: hydromedusae_haliscera_small_sideview",1,0.538461538461538
"Class: hydromedusae_haliscera",0.891509433962264,0.935643564356436
"Class: hydromedusae_liriope",0.687499999999989,0.458333333333333
"Class: hydromedusae_narco_dark",0.714285714285738,0.714285714285714
"Class: hydromedusae_narco_young",0.789644012944981,0.832764505119454
"Class: hydromedusae_narcomedusae",0.792792792792801,0.709677419354839
"Class: hydromedusae_other",0,0
"Class: hydromedusae_partial_dark",0.805882352941181,0.78735632183908
"Class: hydromedusae_shapeA_sideview_small",0.67692307692308,0.67953667953668
"Class: hydromedusae_shapeA",0.926267281105988,0.934883720930233
"Class: hydromedusae_shapeB",0.677685950413228,0.640625
"Class: hydromedusae_sideview_big",0.671052631578944,0.68
"Class: hydromedusae_solmaris",0.934971098265895,0.939042089985486
"Class: hydromedusae_solmundella",0.981308411214947,0.945945945945946
"Class: hydromedusae_typeD_bell_and_tentacles",0.59420289855073,0.82
"Class: hydromedusae_typeD",0.857142857142839,0.666666666666667
"Class: hydromedusae_typeE",0.7499999999999,0.75
"Class: hydromedusae_typeF",0.811320754717005,0.741379310344828
"Class: invertebrate_larvae_other_A",0.749999999999977,0.409090909090909
"Class: invertebrate_larvae_other_B",0.850000000000025,0.68
"Class: jellies_tentacles",0.802325581395348,0.821428571428571
"Class: polychaete",0.89285714285713,0.884955752212389
"Class: protist_dark_center",0.67857142857142,0.584615384615385
"Class: protist_fuzzy_olive",0.801435406698563,0.92032967032967
"Class: protist_noctiluca",0.745350500715306,0.82306477093207
"Class: protist_other",0.74187380497132,0.660425531914894
"Class: protist_star",0.741071428571434,0.813725490196078
"Class: pteropod_butterfly",0.720720720720725,0.808080808080808
"Class: pteropod_theco_dev_seq",0.799999999999914,0.666666666666667
"Class: pteropod_triangle",0.736842105263144,0.724137931034483
"Class: radiolarian_chain",0.890909090909094,0.84192439862543
"Class: radiolarian_colony",0.869281045751628,0.83125
"Class: shrimp_caridean",0.627906976744172,0.72972972972973
"Class: shrimp_sergestidae",0.890804597701156,0.950920245398773
"Class: shrimp_zoea",0.585000000000003,0.795918367346939
"Class: shrimp.like_other",0.185185185185177,0.106382978723404
"Class: siphonophore_calycophoran_abylidae",0.736842105263159,0.900990099009901
"Class: siphonophore_calycophoran_rocketship_adult",0.802919708029201,0.859375
"Class: siphonophore_calycophoran_rocketship_young",0.785211267605636,0.895582329317269
"Class: siphonophore_calycophoran_sphaeronectes_stem",0.714285714285722,0.531914893617021
"Class: siphonophore_calycophoran_sphaeronectes_young",0.738805970149252,0.779527559055118
"Class: siphonophore_calycophoran_sphaeronectes",0.789215686274515,0.851851851851852
"Class: siphonophore_other_parts",0.714285714285853,0.128205128205128
"Class: siphonophore_partial",0.749999999999964,0.416666666666667
"Class: siphonophore_physonect_young",0.714285714285689,0.454545454545455
"Class: siphonophore_physonect",0.694267515923564,0.865079365079365
"Class: stomatopod",0.630434782608716,0.805555555555556
"Class: tornaria_acorn_worm_larvae",0.813953488372084,1
"Class: trichodesmium_bowtie",0.835674157303372,0.886736214605067
"Class: trichodesmium_multiple",0.741379310344839,0.86
"Class: trichodesmium_puff",0.938239835306227,0.958464773922187
"Class: trichodesmium_tuft",0.764473684210527,0.846938775510204
"Class: trochophore_larvae",0.499999999999972,0.65
"Class: tunicate_doliolid_nurse",0.857512953367879,0.866492146596859
"Class: tunicate_doliolid",0.782241014799155,0.813186813186813
"Class: tunicate_partial",0.863402061855671,0.946327683615819
"Class: tunicate_salp_chains",0.77499999999999,0.794871794871795
"Class: tunicate_salp",0.841463414634145,0.869747899159664
"Class: unknown_blobs_and_smudges",0.545945945945944,0.313664596273292
"Class: unknown_sticks",0.5068493150685,0.22289156626506
"Class: unknown_unclassified",0.375609756097561,0.174603174603175
