"","precision","recall"
"Class: acantharia_protist_big_center",0.615384615384648,0.444444444444444
"Class: acantharia_protist_halo",0.681159420289855,0.723076923076923
"Class: acantharia_protist",0.93038674033149,0.929359823399558
"Class: amphipods",0.555555555555549,0.483870967741935
"Class: appendicularian_fritillaridae",0.750000000000183,0.157894736842105
"Class: appendicularian_s_shape",0.835723598435462,0.928985507246377
"Class: appendicularian_slight_curve",0.789667896678968,0.798507462686567
"Class: appendicularian_straight",0.787234042553195,0.800865800865801
"Class: artifacts_edge",0.981249999999997,0.987421383647799
"Class: artifacts",0.947963800904976,0.985882352941176
"Class: chaetognath_non_sagitta",0.758282208588956,0.749090909090909
"Class: chaetognath_other",0.774627582892841,0.827090815802976
"Class: chaetognath_sagitta",0.762870514820594,0.693617021276596
"Class: chordate_type1",0.806451612903217,1
"Class: copepod_calanoid_eggs",0.845238095238103,0.934210526315789
"Class: copepod_calanoid_eucalanus",0.850000000000004,0.910714285714286
"Class: copepod_calanoid_flatheads",0.651933701657463,0.644808743169399
"Class: copepod_calanoid_frillyAntennae",0.686567164179091,0.63013698630137
"Class: copepod_calanoid_large_side_antennatucked",0.487804878048777,0.75
"Class: copepod_calanoid_large",0.701388888888893,0.756554307116105
"Class: copepod_calanoid_octomoms",0.916666666666659,0.8
"Class: copepod_calanoid_small_longantennae",0.817307692307684,0.965909090909091
"Class: copepod_calanoid",0.799120234604104,0.779685264663805
"Class: copepod_cyclopoid_copilia",0.903225806451574,0.717948717948718
"Class: copepod_cyclopoid_oithona_eggs",0.952305246422893,0.974776240846216
"Class: copepod_cyclopoid_oithona",0.926136363636364,0.933562428407789
"Class: copepod_other",0.333333333333249,0.0476190476190476
"Class: crustacean_other",0.54296875,0.579166666666667
"Class: ctenophore_cestid",0.857142857142861,0.964285714285714
"Class: ctenophore_cydippid_no_tentacles",0.547619047619048,0.46
"Class: ctenophore_cydippid_tentacles",0.684210526315768,0.440677966101695
"Class: ctenophore_lobate",0.961538461538479,0.694444444444444
"Class: decapods",0.577777777777795,0.361111111111111
"Class: detritus_blob",0.575971731448764,0.419023136246787
"Class: detritus_filamentous",0.632911392405064,0.526315789473684
"Class: detritus_other",0.676288659793814,0.76905041031653
"Class: diatom_chain_string",0.884615384615387,0.926739926739927
"Class: diatom_chain_tube",0.791228070175438,0.791228070175439
"Class: echinoderm_larva_pluteus_brittlestar",0.75000000000002,0.72972972972973
"Class: echinoderm_larva_pluteus_early",0.795454545454536,0.813953488372093
"Class: echinoderm_larva_pluteus_typeC",0.890410958904111,0.844155844155844
"Class: echinoderm_larva_pluteus_urchin",0.826086956521742,0.835164835164835
"Class: echinoderm_larva_seastar_bipinnaria",0.868159203980103,0.883544303797468
"Class: echinoderm_larva_seastar_brachiolaria",0.918166939443536,0.960616438356164
"Class: echinoderm_seacucumber_auricularia_larva",0.767676767676763,0.64957264957265
"Class: echinopluteus",0.843749999999959,0.818181818181818
"Class: ephyra",1,0.875
"Class: euphausiids_young",0.444444444444445,0.352941176470588
"Class: euphausiids",0.689655172413793,0.757575757575758
"Class: fecal_pellet",0.663934426229508,0.625482625482625
"Class: fish_larvae_deep_body",NA,0
"Class: fish_larvae_leptocephali",0.650000000000003,0.684210526315789
"Class: fish_larvae_medium_body",0.612612612612606,0.764044943820225
"Class: fish_larvae_myctophids",0.788461538461534,0.854166666666667
"Class: fish_larvae_thin_body",0.656250000000005,0.43298969072165
"Class: fish_larvae_very_thin_body",1,0.0740740740740741
"Class: heteropod",NA,0
"Class: hydromedusae_aglaura",0.844827586206887,0.899082568807339
"Class: hydromedusae_bell_and_tentacles",0.593023255813946,0.554347826086957
"Class: hydromedusae_h15",0.571428571428552,0.689655172413793
"Class: hydromedusae_haliscera_small_sideview",1,0.461538461538462
"Class: hydromedusae_haliscera",0.888888888888896,0.95049504950495
"Class: hydromedusae_liriope",0.555555555555543,0.208333333333333
"Class: hydromedusae_narco_dark",0.689655172413758,0.714285714285714
"Class: hydromedusae_narco_young",0.768025078369903,0.83617747440273
"Class: hydromedusae_narcomedusae",0.776699029126222,0.645161290322581
"Class: hydromedusae_other",0,0
"Class: hydromedusae_partial_dark",0.76404494382023,0.781609195402299
"Class: hydromedusae_shapeA_sideview_small",0.64259927797834,0.687258687258687
"Class: hydromedusae_shapeA",0.926267281105988,0.934883720930233
"Class: hydromedusae_shapeB",0.65116279069768,0.65625
"Class: hydromedusae_sideview_big",0.746478873239426,0.706666666666667
"Class: hydromedusae_solmaris",0.918454935622317,0.931785195936139
"Class: hydromedusae_solmundella",0.971428571428562,0.918918918918919
"Class: hydromedusae_typeD_bell_and_tentacles",0.600000000000005,0.84
"Class: hydromedusae_typeD",0.940000000000019,0.746031746031746
"Class: hydromedusae_typeE",0.799999999999914,0.666666666666667
"Class: hydromedusae_typeF",0.722222222222208,0.672413793103448
"Class: invertebrate_larvae_other_A",0.699999999999974,0.318181818181818
"Class: invertebrate_larvae_other_B",0.750000000000036,0.72
"Class: jellies_tentacles",0.834355828220867,0.80952380952381
"Class: polychaete",0.927927927927929,0.911504424778761
"Class: protist_dark_center",0.738738738738735,0.630769230769231
"Class: protist_fuzzy_olive",0.791666666666669,0.93956043956044
"Class: protist_noctiluca",0.739803094233474,0.830963665086888
"Class: protist_other",0.752918287937743,0.658723404255319
"Class: protist_star",0.781818181818187,0.843137254901961
"Class: pteropod_butterfly",0.684210526315793,0.787878787878788
"Class: pteropod_theco_dev_seq",0.54545454545458,0.5
"Class: pteropod_triangle",0.760000000000018,0.655172413793103
"Class: radiolarian_chain",0.881118881118883,0.865979381443299
"Class: radiolarian_colony",0.833333333333334,0.84375
"Class: shrimp_caridean",0.682926829268291,0.756756756756757
"Class: shrimp_sergestidae",0.877906976744189,0.926380368098159
"Class: shrimp_zoea",0.548076923076924,0.775510204081633
"Class: shrimp.like_other",0.285714285714294,0.0851063829787234
"Class: siphonophore_calycophoran_abylidae",0.725409836065574,0.876237623762376
"Class: siphonophore_calycophoran_rocketship_adult",0.773722627737218,0.828125
"Class: siphonophore_calycophoran_rocketship_young",0.784722222222223,0.907630522088353
"Class: siphonophore_calycophoran_sphaeronectes_stem",0.692307692307665,0.574468085106383
"Class: siphonophore_calycophoran_sphaeronectes_young",0.786821705426355,0.799212598425197
"Class: siphonophore_calycophoran_sphaeronectes",0.79024390243903,0.857142857142857
"Class: siphonophore_other_parts",NA,0
"Class: siphonophore_partial",0.769230769230855,0.277777777777778
"Class: siphonophore_physonect_young",0.714285714285689,0.454545454545455
"Class: siphonophore_physonect",0.731034482758617,0.841269841269841
"Class: stomatopod",0.722222222222252,0.722222222222222
"Class: tornaria_acorn_worm_larvae",0.944444444444419,0.971428571428571
"Class: trichodesmium_bowtie",0.817294281729428,0.873323397913562
"Class: trichodesmium_multiple",0.73684210526317,0.84
"Class: trichodesmium_puff",0.942427385892117,0.955310199789695
"Class: trichodesmium_tuft",0.761780104712041,0.848396501457726
"Class: trochophore_larvae",0.520000000000015,0.65
"Class: tunicate_doliolid_nurse",0.845771144278607,0.890052356020942
"Class: tunicate_doliolid",0.804347826086959,0.813186813186813
"Class: tunicate_partial",0.845959595959594,0.946327683615819
"Class: tunicate_salp_chains",0.764705882352941,0.833333333333333
"Class: tunicate_salp",0.848360655737709,0.869747899159664
"Class: unknown_blobs_and_smudges",0.55555555555555,0.279503105590062
"Class: unknown_sticks",0.538461538461545,0.253012048192771
"Class: unknown_unclassified",0.370731707317074,0.172335600907029
