"","precision","recall"
"Class: acantharia_protist_big_center",0.874999999999867,0.388888888888889
"Class: acantharia_protist_halo",0.766666666666678,0.707692307692308
"Class: acantharia_protist",0.93028322440087,0.942604856512141
"Class: amphipods",0.624999999999983,0.483870967741935
"Class: appendicularian_fritillaridae",1,0.263157894736842
"Class: appendicularian_s_shape",0.855033557046981,0.923188405797101
"Class: appendicularian_slight_curve",0.810055865921789,0.811567164179104
"Class: appendicularian_straight",0.789029535864982,0.80952380952381
"Class: artifacts_edge",0.968944099378884,0.981132075471698
"Class: artifacts",0.960739030023091,0.978823529411765
"Class: chaetognath_non_sagitta",0.797062750333779,0.723636363636364
"Class: chaetognath_other",0.762057877813505,0.851205746536685
"Class: chaetognath_sagitta",0.798013245033114,0.683687943262411
"Class: chordate_type1",0.865853658536569,0.946666666666667
"Class: copepod_calanoid_eggs",0.852760736196328,0.914473684210526
"Class: copepod_calanoid_eucalanus",0.853448275862064,0.883928571428571
"Class: copepod_calanoid_flatheads",0.654320987654321,0.579234972677596
"Class: copepod_calanoid_frillyAntennae",0.741935483870948,0.63013698630137
"Class: copepod_calanoid_large_side_antennatucked",0.522935779816521,0.7125
"Class: copepod_calanoid_large",0.728873239436623,0.775280898876405
"Class: copepod_calanoid_octomoms",0.931818181818211,0.745454545454545
"Class: copepod_calanoid_small_longantennae",0.845360824742265,0.931818181818182
"Class: copepod_calanoid",0.785515320334261,0.8068669527897
"Class: copepod_cyclopoid_copilia",0.89655172413789,0.666666666666667
"Class: copepod_cyclopoid_oithona_eggs",0.953025477707005,0.973962571196094
"Class: copepod_cyclopoid_oithona",0.930126002290952,0.930126002290951
"Class: copepod_other",0,0
"Class: crustacean_other",0.587500000000002,0.5875
"Class: ctenophore_cestid",0.850393700787413,0.964285714285714
"Class: ctenophore_cydippid_no_tentacles",0.631578947368398,0.48
"Class: ctenophore_cydippid_tentacles",0.628571428571415,0.372881355932203
"Class: ctenophore_lobate",0.857142857142813,0.666666666666667
"Class: decapods",0.666666666666652,0.388888888888889
"Class: detritus_blob",0.579124579124578,0.442159383033419
"Class: detritus_filamentous",0.616129032258066,0.502631578947368
"Class: detritus_other",0.663032705649157,0.784290738569754
"Class: diatom_chain_string",0.894736842105265,0.934065934065934
"Class: diatom_chain_tube",0.806737588652483,0.798245614035088
"Class: echinoderm_larva_pluteus_brittlestar",0.742857142857163,0.702702702702703
"Class: echinoderm_larva_pluteus_early",0.825581395348835,0.825581395348837
"Class: echinoderm_larva_pluteus_typeC",0.878378378378375,0.844155844155844
"Class: echinoderm_larva_pluteus_urchin",0.81521739130436,0.824175824175824
"Class: echinoderm_larva_seastar_bipinnaria",0.87009803921569,0.89873417721519
"Class: echinoderm_larva_seastar_brachiolaria",0.933222036727881,0.957191780821918
"Class: echinoderm_seacucumber_auricularia_larva",0.779999999999994,0.666666666666667
"Class: echinopluteus",0.77419354838706,0.727272727272727
"Class: ephyra",1,0.875
"Class: euphausiids_young",0.500000000000001,0.382352941176471
"Class: euphausiids",0.71830985915493,0.772727272727273
"Class: fecal_pellet",0.65644171779141,0.61969111969112
"Class: fish_larvae_deep_body",NA,0
"Class: fish_larvae_leptocephali",0.681818181818185,0.789473684210526
"Class: fish_larvae_medium_body",0.625000000000006,0.786516853932584
"Class: fish_larvae_myctophids",0.802083333333323,0.802083333333333
"Class: fish_larvae_thin_body",0.630769230769225,0.422680412371134
"Class: fish_larvae_very_thin_body",1,0.0740740740740741
"Class: heteropod",NA,0
"Class: hydromedusae_aglaura",0.905660377358494,0.880733944954128
"Class: hydromedusae_bell_and_tentacles",0.670731707317086,0.597826086956522
"Class: hydromedusae_h15",0.57575757575756,0.655172413793103
"Class: hydromedusae_haliscera_small_sideview",1,0.615384615384615
"Class: hydromedusae_haliscera",0.922705314009657,0.945544554455445
"Class: hydromedusae_liriope",0.428571428571416,0.25
"Class: hydromedusae_narco_dark",0.708333333333333,0.607142857142857
"Class: hydromedusae_narco_young",0.757575757575754,0.853242320819113
"Class: hydromedusae_narcomedusae",0.761467889908248,0.669354838709677
"Class: hydromedusae_other",NA,0
"Class: hydromedusae_partial_dark",0.735449735449741,0.798850574712644
"Class: hydromedusae_shapeA_sideview_small",0.629370629370629,0.694980694980695
"Class: hydromedusae_shapeA",0.943262411347517,0.927906976744186
"Class: hydromedusae_shapeB",0.622222222222228,0.65625
"Class: hydromedusae_sideview_big",0.671232876712337,0.653333333333333
"Class: hydromedusae_solmaris",0.932178932178932,0.937590711175617
"Class: hydromedusae_solmundella",0.952830188679231,0.90990990990991
"Class: hydromedusae_typeD_bell_and_tentacles",0.696428571428557,0.78
"Class: hydromedusae_typeD",0.916666666666692,0.698412698412698
"Class: hydromedusae_typeE",0.818181818181739,0.75
"Class: hydromedusae_typeF",0.795918367346964,0.672413793103448
"Class: invertebrate_larvae_other_A",0.666666666666639,0.272727272727273
"Class: invertebrate_larvae_other_B",0.857142857142881,0.72
"Class: jellies_tentacles",0.855345911949687,0.80952380952381
"Class: polychaete",0.961538461538446,0.884955752212389
"Class: protist_dark_center",0.762886597938147,0.569230769230769
"Class: protist_fuzzy_olive",0.825757575757574,0.898351648351648
"Class: protist_noctiluca",0.776562499999998,0.785150078988942
"Class: protist_other",0.71733561058924,0.714893617021277
"Class: protist_star",0.841584158415846,0.833333333333333
"Class: pteropod_butterfly",0.738738738738748,0.828282828282828
"Class: pteropod_theco_dev_seq",0.874999999999941,0.583333333333333
"Class: pteropod_triangle",0.680000000000006,0.586206896551724
"Class: radiolarian_chain",0.882978723404258,0.855670103092783
"Class: radiolarian_colony",0.859872611464975,0.84375
"Class: shrimp_caridean",0.705882352941191,0.648648648648649
"Class: shrimp_sergestidae",0.87005649717514,0.94478527607362
"Class: shrimp_zoea",0.546296296296299,0.802721088435374
"Class: shrimp.like_other",0.181818181818204,0.0425531914893617
"Class: siphonophore_calycophoran_abylidae",0.76651982378855,0.861386138613861
"Class: siphonophore_calycophoran_rocketship_adult",0.8030303030303,0.828125
"Class: siphonophore_calycophoran_rocketship_young",0.795774647887325,0.907630522088353
"Class: siphonophore_calycophoran_sphaeronectes_stem",0.777777777777804,0.446808510638298
"Class: siphonophore_calycophoran_sphaeronectes_young",0.779069767441861,0.791338582677165
"Class: siphonophore_calycophoran_sphaeronectes",0.79024390243903,0.857142857142857
"Class: siphonophore_other_parts",0.50000000000017,0.0512820512820513
"Class: siphonophore_partial",0.642857142857099,0.25
"Class: siphonophore_physonect_young",0.615384615384586,0.363636363636364
"Class: siphonophore_physonect",0.744966442953013,0.880952380952381
"Class: stomatopod",0.685714285714258,0.666666666666667
"Class: tornaria_acorn_worm_larvae",0.891891891891927,0.942857142857143
"Class: trichodesmium_bowtie",0.844346549192365,0.856929955290611
"Class: trichodesmium_multiple",0.788461538461515,0.82
"Class: trichodesmium_puff",0.943123061013443,0.958990536277603
"Class: trichodesmium_tuft",0.789617486338796,0.842565597667638
"Class: trochophore_larvae",0.481481481481477,0.65
"Class: tunicate_doliolid_nurse",0.877659574468083,0.863874345549738
"Class: tunicate_doliolid",0.805084745762713,0.835164835164835
"Class: tunicate_partial",0.866840731070498,0.937853107344633
"Class: tunicate_salp_chains",0.847222222222228,0.782051282051282
"Class: tunicate_salp",0.863829787234047,0.852941176470588
"Class: unknown_blobs_and_smudges",0.477178423236512,0.357142857142857
"Class: unknown_sticks",0.469230769230771,0.367469879518072
"Class: unknown_unclassified",0.315028901734105,0.247165532879819
