"","precision","recall"
"Class: acantharia_protist_big_center",0.749999999999983,0.5
"Class: acantharia_protist_halo",0.657142857142863,0.707692307692308
"Class: acantharia_protist",0.932819383259914,0.934878587196468
"Class: amphipods",0.647058823529395,0.532258064516129
"Class: appendicularian_fritillaridae",0.749999999999867,0.315789473684211
"Class: appendicularian_s_shape",0.846666666666665,0.920289855072464
"Class: appendicularian_slight_curve",0.77436823104693,0.800373134328358
"Class: appendicularian_straight",0.800000000000003,0.813852813852814
"Class: artifacts_edge",0.962962962962957,0.981132075471698
"Class: artifacts",0.958715596330274,0.983529411764706
"Class: chaetognath_non_sagitta",0.772264631043256,0.735757575757576
"Class: chaetognath_other",0.769665567593029,0.838378655720883
"Class: chaetognath_sagitta",0.791068580542263,0.70354609929078
"Class: chordate_type1",0.858823529411769,0.973333333333333
"Class: copepod_calanoid_eggs",0.83734939759036,0.914473684210526
"Class: copepod_calanoid_eucalanus",0.860655737704914,0.9375
"Class: copepod_calanoid_flatheads",0.656804733727816,0.60655737704918
"Class: copepod_calanoid_frillyAntennae",0.758064516129044,0.643835616438356
"Class: copepod_calanoid_large_side_antennatucked",0.512820512820516,0.75
"Class: copepod_calanoid_large",0.710884353741498,0.782771535580524
"Class: copepod_calanoid_octomoms",0.934782608695681,0.781818181818182
"Class: copepod_calanoid_small_longantennae",0.823529411764719,0.954545454545455
"Class: copepod_calanoid",0.80142857142857,0.802575107296137
"Class: copepod_cyclopoid_copilia",0.966666666666689,0.743589743589744
"Class: copepod_cyclopoid_oithona_eggs",0.946456692913385,0.978030919446705
"Class: copepod_cyclopoid_oithona",0.936268829663962,0.925544100801833
"Class: copepod_other",0.166666666666708,0.0476190476190476
"Class: crustacean_other",0.5679012345679,0.575
"Class: ctenophore_cestid",0.869918699187003,0.955357142857143
"Class: ctenophore_cydippid_no_tentacles",0.553191489361717,0.52
"Class: ctenophore_cydippid_tentacles",0.736842105263182,0.474576271186441
"Class: ctenophore_lobate",0.923076923076957,0.666666666666667
"Class: decapods",0.651162790697678,0.388888888888889
"Class: detritus_blob",0.568181818181821,0.44987146529563
"Class: detritus_filamentous",0.637583892617448,0.5
"Class: detritus_other",0.654786150712832,0.753810082063306
"Class: diatom_chain_string",0.895104895104897,0.937728937728938
"Class: diatom_chain_tube",0.793459552495698,0.808771929824561
"Class: echinoderm_larva_pluteus_brittlestar",0.742857142857163,0.702702702702703
"Class: echinoderm_larva_pluteus_early",0.839080459770104,0.848837209302326
"Class: echinoderm_larva_pluteus_typeC",0.87671232876712,0.831168831168831
"Class: echinoderm_larva_pluteus_urchin",0.795698924731184,0.813186813186813
"Class: echinoderm_larva_seastar_bipinnaria",0.849056603773586,0.911392405063291
"Class: echinoderm_larva_seastar_brachiolaria",0.924749163879597,0.946917808219178
"Class: echinoderm_seacucumber_auricularia_larva",0.729729729729731,0.692307692307692
"Class: echinopluteus",0.899999999999952,0.818181818181818
"Class: ephyra",1,0.875
"Class: euphausiids_young",0.484848484848486,0.470588235294118
"Class: euphausiids",0.712230215827338,0.75
"Class: fecal_pellet",0.682017543859649,0.6003861003861
"Class: fish_larvae_deep_body",NA,0
"Class: fish_larvae_leptocephali",0.722222222222283,0.684210526315789
"Class: fish_larvae_medium_body",0.568000000000006,0.797752808988764
"Class: fish_larvae_myctophids",0.831578947368433,0.822916666666667
"Class: fish_larvae_thin_body",0.677419354838692,0.43298969072165
"Class: fish_larvae_very_thin_body",0.399999999999982,0.0740740740740741
"Class: heteropod",0,0
"Class: hydromedusae_aglaura",0.868421052631584,0.908256880733945
"Class: hydromedusae_bell_and_tentacles",0.670731707317086,0.597826086956522
"Class: hydromedusae_h15",0.567567567567544,0.724137931034483
"Class: hydromedusae_haliscera_small_sideview",0.900000000000107,0.692307692307692
"Class: hydromedusae_haliscera",0.883177570093457,0.935643564356436
"Class: hydromedusae_liriope",0.538461538461526,0.291666666666667
"Class: hydromedusae_narco_dark",0.74999999999997,0.642857142857143
"Class: hydromedusae_narco_young",0.766666666666664,0.863481228668942
"Class: hydromedusae_narcomedusae",0.739130434782609,0.685483870967742
"Class: hydromedusae_other",0,0
"Class: hydromedusae_partial_dark",0.811764705882357,0.793103448275862
"Class: hydromedusae_shapeA_sideview_small",0.611111111111111,0.722007722007722
"Class: hydromedusae_shapeA",0.943529411764706,0.932558139534884
"Class: hydromedusae_shapeB",0.687499999999998,0.6015625
"Class: hydromedusae_sideview_big",0.763888888888893,0.733333333333333
"Class: hydromedusae_solmaris",0.927953890489912,0.934687953555878
"Class: hydromedusae_solmundella",0.971962616822421,0.936936936936937
"Class: hydromedusae_typeD_bell_and_tentacles",0.630769230769245,0.82
"Class: hydromedusae_typeD",0.893617021276627,0.666666666666667
"Class: hydromedusae_typeE",0.727272727272621,0.666666666666667
"Class: hydromedusae_typeF",0.769230769230787,0.689655172413793
"Class: invertebrate_larvae_other_A",0.785714285714265,0.5
"Class: invertebrate_larvae_other_B",0.760000000000035,0.76
"Class: jellies_tentacles",0.857142857142858,0.821428571428571
"Class: polychaete",0.942857142857136,0.876106194690266
"Class: protist_dark_center",0.731481481481478,0.607692307692308
"Class: protist_fuzzy_olive",0.819512195121951,0.923076923076923
"Class: protist_noctiluca",0.763277693474961,0.794628751974723
"Class: protist_other",0.737179487179488,0.685106382978723
"Class: protist_star",0.758620689655178,0.862745098039216
"Class: pteropod_butterfly",0.738738738738748,0.828282828282828
"Class: pteropod_theco_dev_seq",0.727272727272621,0.666666666666667
"Class: pteropod_triangle",0.75925925925925,0.706896551724138
"Class: radiolarian_chain",0.888888888888892,0.852233676975945
"Class: radiolarian_colony",0.877419354838716,0.85
"Class: shrimp_caridean",0.685714285714294,0.648648648648649
"Class: shrimp_sergestidae",0.904761904761909,0.932515337423313
"Class: shrimp_zoea",0.55555555555556,0.782312925170068
"Class: shrimp.like_other",0.206896551724147,0.127659574468085
"Class: siphonophore_calycophoran_abylidae",0.744769874476989,0.881188118811881
"Class: siphonophore_calycophoran_rocketship_adult",0.804511278195486,0.8359375
"Class: siphonophore_calycophoran_rocketship_young",0.770017035775129,0.907630522088353
"Class: siphonophore_calycophoran_sphaeronectes_stem",0.714285714285688,0.425531914893617
"Class: siphonophore_calycophoran_sphaeronectes_young",0.733576642335763,0.791338582677165
"Class: siphonophore_calycophoran_sphaeronectes",0.774999999999998,0.82010582010582
"Class: siphonophore_other_parts",0.666666666666818,0.0512820512820513
"Class: siphonophore_partial",0.818181818181765,0.5
"Class: siphonophore_physonect_young",0.692307692307666,0.409090909090909
"Class: siphonophore_physonect",0.760563380281684,0.857142857142857
"Class: stomatopod",0.722222222222252,0.722222222222222
"Class: tornaria_acorn_worm_larvae",0.971428571428558,0.971428571428571
"Class: trichodesmium_bowtie",0.846376811594204,0.870342771982116
"Class: trichodesmium_multiple",0.732142857142869,0.82
"Class: trichodesmium_puff",0.946002076843199,0.957939011566772
"Class: trichodesmium_tuft",0.786290322580644,0.852769679300292
"Class: trochophore_larvae",0.541666666666656,0.65
"Class: tunicate_doliolid_nurse",0.853846153846157,0.871727748691099
"Class: tunicate_doliolid",0.788583509513744,0.81978021978022
"Class: tunicate_partial",0.874345549738223,0.943502824858757
"Class: tunicate_salp_chains",0.835443037974699,0.846153846153846
"Class: tunicate_salp",0.854166666666664,0.861344537815126
"Class: unknown_blobs_and_smudges",0.507317073170729,0.322981366459627
"Class: unknown_sticks",0.495145631067955,0.307228915662651
"Class: unknown_unclassified",0.359649122807015,0.1859410430839
