"","precision","recall"
"Class: acantharia_protist_big_center",0.874999999999867,0.388888888888889
"Class: acantharia_protist_halo",0.645569620253152,0.784615384615385
"Class: acantharia_protist",0.930207197382769,0.941501103752759
"Class: amphipods",0.591836734693878,0.467741935483871
"Class: appendicularian_fritillaridae",0.666666666666509,0.210526315789474
"Class: appendicularian_s_shape",0.83204134366925,0.933333333333333
"Class: appendicularian_slight_curve",0.782846715328468,0.800373134328358
"Class: appendicularian_straight",0.782051282051278,0.792207792207792
"Class: artifacts_edge",0.981132075471695,0.981132075471698
"Class: artifacts",0.9632183908046,0.985882352941176
"Class: chaetognath_non_sagitta",0.762874251497007,0.772121212121212
"Class: chaetognath_other",0.785608674223756,0.817855310415598
"Class: chaetognath_sagitta",0.77710843373494,0.731914893617021
"Class: chordate_type1",0.839080459770126,0.973333333333333
"Class: copepod_calanoid_eggs",0.832335329341324,0.914473684210526
"Class: copepod_calanoid_eucalanus",0.857142857142852,0.910714285714286
"Class: copepod_calanoid_flatheads",0.627551020408167,0.672131147540984
"Class: copepod_calanoid_frillyAntennae",0.783333333333327,0.643835616438356
"Class: copepod_calanoid_large_side_antennatucked",0.475806451612907,0.7375
"Class: copepod_calanoid_large",0.681672025723476,0.794007490636704
"Class: copepod_calanoid_octomoms",0.900000000000022,0.818181818181818
"Class: copepod_calanoid_small_longantennae",0.774774774774771,0.977272727272727
"Class: copepod_calanoid",0.820940819423371,0.773962804005722
"Class: copepod_cyclopoid_copilia",0.903225806451574,0.717948717948718
"Class: copepod_cyclopoid_oithona_eggs",0.951104100946372,0.981285598047193
"Class: copepod_cyclopoid_oithona",0.931034482758622,0.927835051546392
"Class: copepod_other",0,0
"Class: crustacean_other",0.552631578947368,0.6125
"Class: ctenophore_cestid",0.878048780487808,0.964285714285714
"Class: ctenophore_cydippid_no_tentacles",0.499999999999996,0.58
"Class: ctenophore_cydippid_tentacles",0.600000000000021,0.457627118644068
"Class: ctenophore_lobate",0.896551724137976,0.722222222222222
"Class: decapods",0.609756097560996,0.347222222222222
"Class: detritus_blob",0.576923076923078,0.424164524421594
"Class: detritus_filamentous",0.656028368794328,0.486842105263158
"Class: detritus_other",0.67741935483871,0.787807737397421
"Class: diatom_chain_string",0.873096446700505,0.945054945054945
"Class: diatom_chain_tube",0.786941580756012,0.803508771929825
"Class: echinoderm_larva_pluteus_brittlestar",0.843749999999965,0.72972972972973
"Class: echinoderm_larva_pluteus_early",0.808988764044957,0.837209302325581
"Class: echinoderm_larva_pluteus_typeC",0.870129870129863,0.87012987012987
"Class: echinoderm_larva_pluteus_urchin",0.811111111111124,0.802197802197802
"Class: echinoderm_larva_seastar_bipinnaria",0.874074074074074,0.89620253164557
"Class: echinoderm_larva_seastar_brachiolaria",0.919540229885059,0.958904109589041
"Class: echinoderm_seacucumber_auricularia_larva",0.732758620689657,0.726495726495726
"Class: echinopluteus",0.848484848484809,0.848484848484849
"Class: ephyra",0.874999999999944,0.875
"Class: euphausiids_young",0.514285714285715,0.529411764705882
"Class: euphausiids",0.742857142857136,0.787878787878788
"Class: fecal_pellet",0.692307692307692,0.608108108108108
"Class: fish_larvae_deep_body",0.499999999999866,0.0833333333333333
"Class: fish_larvae_leptocephali",0.750000000000057,0.789473684210526
"Class: fish_larvae_medium_body",0.610619469026549,0.775280898876405
"Class: fish_larvae_myctophids",0.778761061946903,0.916666666666667
"Class: fish_larvae_thin_body",0.711864406779642,0.43298969072165
"Class: fish_larvae_very_thin_body",0.749999999999775,0.111111111111111
"Class: heteropod",0.500000000000253,0.0909090909090909
"Class: hydromedusae_aglaura",0.862068965517241,0.917431192660551
"Class: hydromedusae_bell_and_tentacles",0.717948717948721,0.608695652173913
"Class: hydromedusae_h15",0.599999999999977,0.827586206896552
"Class: hydromedusae_haliscera_small_sideview",1,0.461538461538462
"Class: hydromedusae_haliscera",0.898550724637682,0.920792079207921
"Class: hydromedusae_liriope",0.692307692307681,0.375
"Class: hydromedusae_narco_dark",0.703703703703728,0.678571428571429
"Class: hydromedusae_narco_young",0.750000000000001,0.860068259385666
"Class: hydromedusae_narcomedusae",0.767857142857134,0.693548387096774
"Class: hydromedusae_other",0,0
"Class: hydromedusae_partial_dark",0.80346820809249,0.798850574712644
"Class: hydromedusae_shapeA_sideview_small",0.639285714285712,0.691119691119691
"Class: hydromedusae_shapeA",0.933025404157047,0.93953488372093
"Class: hydromedusae_shapeB",0.698275862068964,0.6328125
"Class: hydromedusae_sideview_big",0.736111111111122,0.706666666666667
"Class: hydromedusae_solmaris",0.929597701149426,0.939042089985486
"Class: hydromedusae_solmundella",0.954128440366958,0.936936936936937
"Class: hydromedusae_typeD_bell_and_tentacles",0.694915254237301,0.82
"Class: hydromedusae_typeD",0.8979591836735,0.698412698412698
"Class: hydromedusae_typeE",0.818181818181739,0.75
"Class: hydromedusae_typeF",0.741379310344814,0.741379310344828
"Class: invertebrate_larvae_other_A",0.615384615384586,0.363636363636364
"Class: invertebrate_larvae_other_B",0.83333333333336,0.8
"Class: jellies_tentacles",0.881249999999994,0.839285714285714
"Class: polychaete",0.954128440366962,0.920353982300885
"Class: protist_dark_center",0.747663551401868,0.615384615384615
"Class: protist_fuzzy_olive",0.792626728110601,0.945054945054945
"Class: protist_noctiluca",0.760059612518628,0.805687203791469
"Class: protist_other",0.746641074856047,0.662127659574468
"Class: protist_star",0.708661417322841,0.882352941176471
"Class: pteropod_butterfly",0.749999999999991,0.818181818181818
"Class: pteropod_theco_dev_seq",1,0.666666666666667
"Class: pteropod_triangle",0.769230769230787,0.689655172413793
"Class: radiolarian_chain",0.896428571428575,0.862542955326461
"Class: radiolarian_colony",0.894039735099345,0.84375
"Class: shrimp_caridean",0.700000000000003,0.756756756756757
"Class: shrimp_sergestidae",0.90588235294118,0.94478527607362
"Class: shrimp_zoea",0.557692307692312,0.789115646258503
"Class: shrimp.like_other",0.222222222222221,0.0851063829787234
"Class: siphonophore_calycophoran_abylidae",0.751072961373388,0.866336633663366
"Class: siphonophore_calycophoran_rocketship_adult",0.821705426356585,0.828125
"Class: siphonophore_calycophoran_rocketship_young",0.770657672849914,0.917670682730924
"Class: siphonophore_calycophoran_sphaeronectes_stem",0.771428571428549,0.574468085106383
"Class: siphonophore_calycophoran_sphaeronectes_young",0.768060836501906,0.795275590551181
"Class: siphonophore_calycophoran_sphaeronectes",0.805970149253727,0.857142857142857
"Class: siphonophore_other_parts",0,0
"Class: siphonophore_partial",0.772727272727239,0.472222222222222
"Class: siphonophore_physonect_young",0.733333333333309,0.5
"Class: siphonophore_physonect",0.780821917808223,0.904761904761905
"Class: stomatopod",0.727272727272712,0.888888888888889
"Class: tornaria_acorn_worm_larvae",0.972222222222209,1
"Class: trichodesmium_bowtie",0.828410689170183,0.87779433681073
"Class: trichodesmium_multiple",0.784313725490172,0.8
"Class: trichodesmium_puff",0.939690721649484,0.958464773922187
"Class: trichodesmium_tuft",0.775132275132275,0.854227405247813
"Class: trochophore_larvae",0.51724137931034,0.75
"Class: tunicate_doliolid_nurse",0.87792207792208,0.884816753926702
"Class: tunicate_doliolid",0.775967413441957,0.837362637362637
"Class: tunicate_partial",0.883419689119168,0.963276836158192
"Class: tunicate_salp_chains",0.902777777777759,0.833333333333333
"Class: tunicate_salp",0.866952789699565,0.848739495798319
"Class: unknown_blobs_and_smudges",0.502890173410403,0.270186335403727
"Class: unknown_sticks",0.561797752808983,0.301204819277108
"Class: unknown_unclassified",0.41875,0.151927437641723
