"","precision","recall"
"Class: acantharia_protist_big_center",0.749999999999983,0.5
"Class: acantharia_protist_halo",0.721311475409838,0.676923076923077
"Class: acantharia_protist",0.926086956521738,0.940397350993378
"Class: amphipods",0.743589743589744,0.467741935483871
"Class: appendicularian_fritillaridae",1,0.157894736842105
"Class: appendicularian_s_shape",0.838157894736844,0.923188405797101
"Class: appendicularian_slight_curve",0.798148148148146,0.80410447761194
"Class: appendicularian_straight",0.791489361702127,0.805194805194805
"Class: artifacts_edge",0.969135802469137,0.987421383647799
"Class: artifacts",0.96774193548387,0.988235294117647
"Class: chaetognath_non_sagitta",0.791223404255318,0.721212121212121
"Class: chaetognath_other",0.766697588126159,0.848127244740893
"Class: chaetognath_sagitta",0.790734824281148,0.702127659574468
"Class: chordate_type1",0.870588235294102,0.986666666666667
"Class: copepod_calanoid_eggs",0.881987577639753,0.934210526315789
"Class: copepod_calanoid_eucalanus",0.871794871794875,0.910714285714286
"Class: copepod_calanoid_flatheads",0.685393258426966,0.666666666666667
"Class: copepod_calanoid_frillyAntennae",0.734374999999989,0.643835616438356
"Class: copepod_calanoid_large_side_antennatucked",0.509090909090908,0.7
"Class: copepod_calanoid_large",0.725925925925924,0.734082397003745
"Class: copepod_calanoid_octomoms",0.901960784313747,0.836363636363636
"Class: copepod_calanoid_small_longantennae",0.848484848484846,0.954545454545455
"Class: copepod_calanoid",0.801128349788434,0.812589413447783
"Class: copepod_cyclopoid_copilia",0.964285714285738,0.692307692307692
"Class: copepod_cyclopoid_oithona_eggs",0.957599999999999,0.973962571196094
"Class: copepod_cyclopoid_oithona",0.931271477663231,0.93127147766323
"Class: copepod_other",0,0
"Class: crustacean_other",0.550607287449396,0.566666666666667
"Class: ctenophore_cestid",0.909836065573765,0.991071428571429
"Class: ctenophore_cydippid_no_tentacles",0.617021276595759,0.58
"Class: ctenophore_cydippid_tentacles",0.731707317073141,0.508474576271186
"Class: ctenophore_lobate",1,0.694444444444444
"Class: decapods",0.617647058823553,0.291666666666667
"Class: detritus_blob",0.600682593856658,0.452442159383033
"Class: detritus_filamentous",0.623456790123459,0.531578947368421
"Class: detritus_other",0.684599156118144,0.76084407971864
"Class: diatom_chain_string",0.895287958115186,0.93956043956044
"Class: diatom_chain_tube",0.786440677966104,0.814035087719298
"Class: echinoderm_larva_pluteus_brittlestar",0.787878787878823,0.702702702702703
"Class: echinoderm_larva_pluteus_early",0.825581395348835,0.825581395348837
"Class: echinoderm_larva_pluteus_typeC",0.858974358974347,0.87012987012987
"Class: echinoderm_larva_pluteus_urchin",0.782608695652185,0.791208791208791
"Class: echinoderm_larva_seastar_bipinnaria",0.879999999999997,0.891139240506329
"Class: echinoderm_larva_seastar_brachiolaria",0.928689883913764,0.958904109589041
"Class: echinoderm_seacucumber_auricularia_larva",0.817204301075257,0.64957264957265
"Class: echinopluteus",0.878787878787882,0.878787878787879
"Class: ephyra",1,0.875
"Class: euphausiids_young",0.481481481481482,0.382352941176471
"Class: euphausiids",0.708333333333337,0.772727272727273
"Class: fecal_pellet",0.667359667359667,0.61969111969112
"Class: fish_larvae_deep_body",NA,0
"Class: fish_larvae_leptocephali",0.800000000000021,0.842105263157895
"Class: fish_larvae_medium_body",0.621359223300977,0.719101123595506
"Class: fish_larvae_myctophids",0.818181818181824,0.84375
"Class: fish_larvae_thin_body",0.623188405797115,0.443298969072165
"Class: fish_larvae_very_thin_body",0.6666666666664,0.0740740740740741
"Class: heteropod",1,0.181818181818182
"Class: hydromedusae_aglaura",0.900900900900899,0.917431192660551
"Class: hydromedusae_bell_and_tentacles",0.722891566265071,0.652173913043478
"Class: hydromedusae_h15",0.606060606060595,0.689655172413793
"Class: hydromedusae_haliscera_small_sideview",1,0.384615384615385
"Class: hydromedusae_haliscera",0.90047393364929,0.940594059405941
"Class: hydromedusae_liriope",0.6470588235294,0.458333333333333
"Class: hydromedusae_narco_dark",0.714285714285738,0.714285714285714
"Class: hydromedusae_narco_young",0.779179810725552,0.843003412969283
"Class: hydromedusae_narcomedusae",0.777777777777788,0.67741935483871
"Class: hydromedusae_other",0,0
"Class: hydromedusae_partial_dark",0.812865497076028,0.798850574712644
"Class: hydromedusae_shapeA_sideview_small",0.637323943661975,0.698841698841699
"Class: hydromedusae_shapeA",0.934731934731933,0.932558139534884
"Class: hydromedusae_shapeB",0.677966101694914,0.625
"Class: hydromedusae_sideview_big",0.712328767123304,0.693333333333333
"Class: hydromedusae_solmaris",0.926136363636363,0.946298984034833
"Class: hydromedusae_solmundella",0.981651376146783,0.963963963963964
"Class: hydromedusae_typeD_bell_and_tentacles",0.661290322580659,0.82
"Class: hydromedusae_typeD",0.851063829787215,0.634920634920635
"Class: hydromedusae_typeE",0.799999999999914,0.666666666666667
"Class: hydromedusae_typeF",0.791666666666692,0.655172413793103
"Class: invertebrate_larvae_other_A",0.714285714285689,0.454545454545455
"Class: invertebrate_larvae_other_B",0.800000000000031,0.8
"Class: jellies_tentacles",0.898648648648654,0.791666666666667
"Class: polychaete",0.945945945945939,0.929203539823009
"Class: protist_dark_center",0.774509803921571,0.607692307692308
"Class: protist_fuzzy_olive",0.813267813267815,0.909340659340659
"Class: protist_noctiluca",0.781150159744408,0.772511848341232
"Class: protist_other",0.719387755102041,0.72
"Class: protist_star",0.792452830188684,0.823529411764706
"Class: pteropod_butterfly",0.766990291262147,0.797979797979798
"Class: pteropod_theco_dev_seq",0.600000000000074,0.5
"Class: pteropod_triangle",0.784313725490191,0.689655172413793
"Class: radiolarian_chain",0.893617021276599,0.865979381443299
"Class: radiolarian_colony",0.829268292682933,0.85
"Class: shrimp_caridean",0.750000000000029,0.648648648648649
"Class: shrimp_sergestidae",0.870786516853931,0.950920245398773
"Class: shrimp_zoea",0.563380281690143,0.816326530612245
"Class: shrimp.like_other",0.136363636363626,0.0638297872340425
"Class: siphonophore_calycophoran_abylidae",0.748987854251009,0.915841584158416
"Class: siphonophore_calycophoran_rocketship_adult",0.813432835820886,0.8515625
"Class: siphonophore_calycophoran_rocketship_young",0.802469135802468,0.913654618473896
"Class: siphonophore_calycophoran_sphaeronectes_stem",0.799999999999999,0.595744680851064
"Class: siphonophore_calycophoran_sphaeronectes_young",0.789883268482493,0.799212598425197
"Class: siphonophore_calycophoran_sphaeronectes",0.822335025380709,0.857142857142857
"Class: siphonophore_other_parts",0.50000000000017,0.0256410256410256
"Class: siphonophore_partial",0.888888888888937,0.444444444444444
"Class: siphonophore_physonect_young",0.769230769230747,0.454545454545455
"Class: siphonophore_physonect",0.741721854304632,0.888888888888889
"Class: stomatopod",0.729729729729759,0.75
"Class: tornaria_acorn_worm_larvae",0.942857142857117,0.942857142857143
"Class: trichodesmium_bowtie",0.836676217765041,0.870342771982116
"Class: trichodesmium_multiple",0.740740740740722,0.8
"Class: trichodesmium_puff",0.946930280957336,0.956887486855941
"Class: trichodesmium_tuft",0.77986577181208,0.846938775510204
"Class: trochophore_larvae",0.538461538461553,0.7
"Class: tunicate_doliolid_nurse",0.85714285714286,0.895287958115183
"Class: tunicate_doliolid",0.795698924731182,0.813186813186813
"Class: tunicate_partial",0.89153439153439,0.951977401129944
"Class: tunicate_salp_chains",0.860759493670891,0.871794871794872
"Class: tunicate_salp",0.850202429149801,0.882352941176471
"Class: unknown_blobs_and_smudges",0.517857142857145,0.360248447204969
"Class: unknown_sticks",0.514018691588779,0.331325301204819
"Class: unknown_unclassified",0.377419354838708,0.26530612244898
